Operation,Size,Time
matrix_matrix,10,0.00015586000006351242
matrix_vector,10,1.840999993873993e-05
trace,10,2.6750000188258127e-06
scalar_product,10,2.4949999897216912e-06
histogram,10,1.124800007801241e-05
filter,10,1.4022999948792858e-05
matrix_matrix,25,0.0019712229999413466
matrix_vector,25,0.00018772200007788342
trace,25,4.392999926494667e-06
scalar_product,25,4.6239999846875435e-06
histogram,25,1.407799993558001e-05
filter,25,3.9296999943871924e-05
matrix_matrix,50,0.040928625999981705
matrix_vector,50,0.00030489199991734495
trace,50,7.675000006202026e-06
scalar_product,50,8.755000067139918e-06
histogram,50,2.2811999997429666e-05
filter,50,5.124100005104992e-05
matrix_matrix,100,0.2569702819999975
matrix_vector,100,0.0006964759999164016
trace,100,1.7262000028495095e-05
scalar_product,100,1.0698999972191814e-05
histogram,100,3.2058999977380154e-05
filter,100,8.014400009415112e-05
matrix_matrix,150,0.3281753240000853
matrix_vector,150,0.0014368889999332168
trace,150,4.0377000004809815e-05
scalar_product,150,2.2882000052959484e-05
histogram,150,5.3209000043352717e-05
filter,150,0.00017400500007624942
